{
  "asof": "2022-10-15",
  "mode": "public_opentable",
  "run_tag": "public_opentable",
  "seed": 0,
  "epochs": 1500,
  "use_private": true,
  "use_adapter": false,
  "train_len": 292,
  "test_len": 73,
  "private_start_idx": 595,
  "train_metrics": {
    "rmse": 314.2562171092635,
    "mae": 261.6534004211426,
    "mape": 42.06922546945797
  },
  "test_metrics": {
    "rmse": 273.99153855048314,
    "mae": 197.5536733130886,
    "mape": 33.76239519933105
  }
}