{
  "asof": "2022-10-15",
  "mode": "public_only",
  "run_tag": "public_only_adapter",
  "seed": 0,
  "epochs": 300,
  "use_private": false,
  "use_adapter": true,
  "train_len": 292,
  "test_len": 73,
  "private_start_idx": 0,
  "train_metrics": {
    "rmse": 359.18116924926704,
    "mae": 284.33408684273286,
    "mape": 48.931917402749896
  },
  "test_metrics": {
    "rmse": 4691.368292602311,
    "mae": 3740.470902116331,
    "mape": 776.1984803600486
  }
}