{
  "asof": "2022-10-15",
  "mode": "public_only",
  "run_tag": "public_only",
  "seed": 0,
  "epochs": 1500,
  "use_private": false,
  "use_adapter": false,
  "train_len": 292,
  "test_len": 73,
  "private_start_idx": 0,
  "train_metrics": {
    "rmse": 323.2518398109679,
    "mae": 268.7861365749411,
    "mape": 42.16689075919797
  },
  "test_metrics": {
    "rmse": 278.7188387030664,
    "mae": 214.08373020119862,
    "mape": 38.04682509058267
  }
}